use waffle;

insert into member(member_id, password, nickname, part)
values ('hyesungoh', '1234', '오혜성', 'admin'),
       ('hanni66', '5678', '김하은', 'admin'),
       ('hanseulhee', '9100', '한슬희', 'admin'),
       ('vact19', '1112', '조성우', 'admin'),
       ('hangillee', '1314', '이한길', 'admin'),
       ('hanhyunsoo', '1516', '한현수', 'admin'),
       ('mojitobar', '1718', '주동석', 'admin'),
       ('yujinkim1', '1920', '김유진', 'Mobile'),
       ('wangseohee', '2122', '왕서희', 'Mobile'),
       ('yimjeongyeon', '2324', '임정연', 'Backend'),
       ('myoungjinseo', '2526', '서명진', 'Backend'),
       ('sub101', '2728', '김수빈', 'Mobile'),
       ('hyeall', '2930', '곽성은', 'Backend'),
       ('jaegwans', '3132', '김재관', 'Web'),
       ('leehyunbok', '3334', '이현복', 'Backend'),
       ('devpark435', '3536', '박현렬', 'Mobile'),
       ('sinamong0620', '3738', '김신아', 'Web'),
       ('khj0426', '3940', '김효중', 'Web'),
       ('yehyeokbang', '4142', '방예혁', 'Backend'),
       ('dd-jiyun', '4344', '이지윤', 'Backend'),
       ('lgyn10', '4546', '이찬균', 'Web'),
       ('yeezinu', '4748', '이진우', 'Web'),
       ('yuj2n', '4950', '전유진', 'Web'),
       ('jkkj0414', '5152', '김자경', 'Backend'),
       ('tndusy27', '5354', '김수연', 'Backend'),
       ('zoeyourlife', '5556', '최재훈', 'Web'),
       ('rltgjqmtkdydwk', '5758', '김은총', 'Mobile'),
       ('lee2eunji', '5960', '이은지', 'Web'),
       ('kikingki', '6162', '이지선', 'Backend'),
       ('qwe916', '6364', '전홍영', 'Backend'),
       ('jiyoungmerong', '6566', '허지영', 'Backend'),
       ('ParkSY0919', '6768', '박신영', 'Mobile'),
       ('parkjinhee53', '6970', '박진희', 'Mobile'),
       ('negul3', '7172', '김가현', 'Backend'),
       ('yeaseul7', '7374', '이예슬', 'Web'),
       ('baeksehee', '7576', '백세희', 'Web');

insert into member_roles(member_member_id, roles)
values ('hyesungoh', 'ADMIN'),
       ('hanni66', 'ADMIN'),
       ('vact19', 'ADMIN'),
       ('mojitobar', 'ADMIN'),
       ('hanhyunsoo', 'ADMIN'),
       ('hanseulhee', 'ADMIN'),
       ('hangillee', 'ADMIN'),
       ('yujinkim1', 'MEMBER'),
       ('wangseohee', 'MEMBER'),
       ('yimjeongyeon', 'MEMBER'),
       ('myoungjinseo', 'MEMBER'),
       ('sub101', 'MEMBER'),
       ('hyeall', 'MEMBER'),
       ('jaegwans', 'MEMBER'),
       ('leehyunbok', 'MEMBER'),
       ('devpark435', 'MEMBER'),
       ('sinamong0620', 'MEMBER'),
       ('khj0426', 'MEMBER'),
       ('yehyeokbang', 'MEMBER'),
       ('dd-jiyun', 'MEMBER'),
       ('lgyn10', 'MEMBER'),
       ('yeezinu', 'MEMBER'),
       ('yuj2n', 'MEMBER'),
       ('jkkj0414', 'MEMBER'),
       ('tndusy27', 'MEMBER'),
       ('zoeyourlife', 'MEMBER'),
       ('rltgjqmtkdydwk', 'MEMBER'),
       ('lee2eunji', 'MEMBER'),
       ('kikingki', 'MEMBER'),
       ('qwe916', 'MEMBER'),
       ('jiyoungmerong', 'MEMBER'),
       ('ParkSY0919', 'MEMBER'),
       ('parkjinhee53', 'MEMBER'),
       ('negul3', 'MEMBER'),
       ('yeaseul7', 'MEMBER'),
       ('baeksehee', 'MEMBER');

insert into fine(member_id, date, type)
values ('yehyeokbang', '2023-01-02', '10'),
       ('yimjeongyeon', '2023-01-03', '00');